183762,-0.02,-0.00,5.10
183794,-0.01,0.00,
183811,-0.01,-0.00,
183838,0.02,-0.00,
183875,-0.04,-0.01,
183907,-0.01,-0.00,
183934,0.00,-0.01,
183956,-0.04,-0.01,
183988,-0.02,-0.01,
184005,-0.03,-0.02,
184037,0.02,-0.02,
184055,-0.03,-0.02,
184068,-0.03,-0.02,
184105,-0.04,-0.02,
184123,0.02,-0.01,
184150,-0.02,-0.02,
184182,-0.01,-0.02,
184195,-0.03,-0.02,
184203,0.01,-0.01,
184229,-0.01,-0.01,
184247,-0.02,-0.01,
184260,0.03,-0.02,
184278,-0.04,-0.01,
184310,-0.06,-0.00,
184337,0.03,0.00,
184369,0.00,-0.02,3.46
184378,0.01,-0.02,
184396,-0.03,-0.02,
184432,0.00,-0.01,
184440,0.02,0.00,
184462,-0.00,0.00,
184499,0.06,-0.01,
184526,-0.04,-0.01,
184553,-0.08,0.01,
184566,0.06,0.03,
184593,-0.09,-0.00,5.06
184624,-0.09,-0.00,
184661,0.06,-0.02,
184683,-0.01,-0.06,
184700,0.07,-0.04,
184737,0.08,-0.03,
184764,-0.05,-0.03,
184801,-0.07,0.04,
184814,-0.04,0.06,
184850,0.07,0.02,
184868,-0.00,-0.01,
184885,0.02,-0.04,
184922,0.05,-0.03,
184935,0.02,0.00,
184967,-0.02,0.03,
184994,-0.08,0.04,
185011,-0.04,0.03,
185032,0.07,0.01,
185054,-0.12,-0.03,5.99
185072,-0.00,-0.02,
185099,0.08,-0.04,
185121,-0.03,-0.04,
185148,0.02,-0.01,
185180,-0.11,-0.00,
185188,-0.01,0.01,
185196,0.09,0.01,
185217,-0.10,-0.03,
185244,0.04,-0.03,
185261,-0.08,-0.02,
185288,0.09,-0.01,
185301,0.07,-0.01,
185309,0.06,-0.02,
185321,0.05,-0.01,
185339,0.08,0.05,
185371,0.09,0.06,
185384,-0.10,0.08,
185420,-0.11,0.09,
185433,0.05,0.07,
185465,0.08,0.01,
185492,-0.08,-0.03,6.93
185501,-0.10,-0.02,
185538,0.07,-0.01,
185556,-0.08,-0.01,
185583,0.07,0.00,
185614,0.10,-0.05,
185626,-0.05,-0.05,
185663,0.02,0.02,
185681,-0.13,0.04,
185699,0.14,0.04,
185731,0.09,0.01,
185749,-0.05,-0.02,7.49
185777,-0.16,0.00,
185803,-0.11,0.05,
185840,0.10,0.02,
185862,0.07,-0.03,
185884,-0.06,-0.10,
185916,0.02,-0.06,
185928,-0.09,-0.01,
185955,-0.03,0.04,
185977,0.05,0.02,
186003,0.04,-0.04,7.84
186021,0.02,-0.05,
186048,0.05,-0.01,
186065,0.01,0.00,
186097,0.05,0.04,
186115,-0.08,0.04,
186133,-0.08,0.04,
186146,0.06,0.03,
186173,-0.07,-0.01,
186185,-0.07,-0.02,
186211,0.02,-0.03,
186238,-0.07,-0.05,
186265,-0.06,-0.02,
186278,0.01,-0.02,
186300,0.03,-0.06,
186332,-0.06,-0.04,
186350,0.01,-0.02,
186368,-0.05,-0.03,
186390,0.04,-0.00,
186417,-0.10,-0.01,
186429,0.02,-0.01,
186466,0.03,-0.03,
186484,-0.05,-0.03,
186501,-0.06,-0.02,
186519,-0.01,-0.01,
186546,-0.03,-0.02,
186568,0.05,-0.01,
186600,0.02,-0.04,
186632,0.02,-0.03,
186668,0.06,-0.00,
186676,-0.06,0.02,
186713,-0.01,0.04,
186740,-0.04,0.04,
186757,0.02,0.01,
186789,0.07,-0.01,6.83
186802,0.02,-0.03,
186829,-0.02,-0.02,
186855,0.01,0.02,
186872,-0.05,0.03,
186899,-0.12,0.03,
186921,-0.30,0.01,
186938,0.27,-0.01,
186970,-0.27,-0.12,
186997,0.05,-0.08,
187015,0.21,-0.11,
187046,0.19,-0.10,
187064,-0.02,-0.02,
187101,0.06,0.09,
187114,-0.18,0.07,
187151,0.16,0.18,
187173,-0.13,0.06,
187185,0.06,0.01,
187193,0.10,-0.04,4.22
187220,-0.22,-0.03,
187227,-0.05,0.02,
187235,-0.21,0.02,
187248,-0.10,-0.03,
187256,-0.19,-0.06,
187264,-0.06,-0.13,
187272,0.13,-0.18,
187280,-0.01,-0.16,
187288,0.19,-0.12,
187305,-0.24,-0.06,
187342,-0.23,0.05,
187360,-0.18,0.09,
187368,0.21,0.00,
187390,-0.01,-0.15,4.65
187407,0.18,-0.15,
187420,-0.02,-0.15,
187428,0.24,0.03,
187450,-0.04,0.08,
187473,-0.26,0.14,
187496,-0.09,0.12,
187523,0.11,0.07,
187545,-0.05,-0.06,
187582,-0.19,-0.07,
187608,0.02,-0.10,
187645,0.05,-0.07,
187667,-0.19,-0.03,
187684,-0.18,-0.02,
187702,-0.01,-0.06,
187720,0.16,-0.08,
187752,-0.07,-0.10,
187770,0.19,-0.09,
187782,0.13,-0.07,
187800,0.14,0.04,
187827,-0.17,0.10,
187845,-0.09,0.15,
187858,0.18,0.11,
187890,-0.13,0.04,
187922,-0.19,-0.00,5.02
187964,0.18,-0.02,
187981,0.14,-0.08,
187994,-0.14,-0.03,
188012,-0.05,0.02,
188029,0.14,-0.01,
188047,-0.05,0.02,
188084,-0.15,0.05,
188106,0.14,-0.01,8.03
188124,0.11,-0.05,
188151,-0.14,-0.01,
188169,0.01,0.03,
188176,0.06,-0.01,
188184,-0.31,0.02,
188211,-0.08,0.06,
188229,-0.35,-0.05,11.61
188257,0.03,-0.08,
188265,-0.31,-0.15,
188283,-0.02,-0.18,
188296,-0.37,-0.23,
188333,-0.15,-0.14,
188355,-0.18,-0.19,
188382,-0.02,-0.18,
188413,0.16,-0.25,
188421,0.27,-0.21,
188453,0.41,-0.17,
188475,-0.08,-0.01,
188507,-0.08,0.18,
188539,0.02,0.27,
188552,0.25,0.22,
188564,-0.11,0.08,
188600,0.01,0.04,
188618,0.15,-0.01,
188655,0.02,0.04,
188668,0.08,0.07,
188700,0.12,0.05,
188727,0.16,0.02,
188759,0.04,0.09,
188790,-0.07,0.11,
188827,-0.01,0.11,
188845,-0.13,0.11,
188853,-0.04,0.07,
188866,-0.13,-0.01,11.84
188908,-0.09,-0.06,
188916,-0.43,-0.08,
188953,-0.40,-0.06,
188975,-0.12,-0.12,
188992,-0.01,-0.23,
189029,-0.45,-0.32,
189042,-0.12,-0.26,
189079,0.08,-0.27,
189097,0.09,-0.22,
189124,0.12,-0.17,
189161,-0.09,-0.14,
189178,0.25,-0.03,
189186,-0.34,0.08,
189222,-0.30,0.14,
189259,-0.11,0.07,
189286,0.04,-0.06,
189298,0.59,-0.18,
189335,0.61,-0.25,
189358,-0.26,-0.17,
189376,0.07,0.25,
189398,0.10,0.36,
189415,0.22,0.33,
189447,0.09,0.20,
189474,0.18,0.04,
189492,0.14,0.02,
189524,-0.01,0.18,
189556,0.13,0.18,
189588,-0.05,0.14,
189601,0.08,0.12,
189632,0.08,0.08,
189650,-0.29,0.04,
189668,-0.14,0.07,
189676,-0.12,0.03,
189713,-0.24,-0.06,9.57
189740,-0.14,-0.09,
189777,0.01,-0.18,
189814,-0.14,-0.23,
189840,-0.43,-0.14,
189848,-0.25,-0.10,
189875,0.20,-0.14,
189902,-0.49,-0.22,
189915,0.21,-0.18,
189952,0.26,-0.27,
189970,0.22,-0.20,
189997,0.33,-0.03,
190034,0.29,0.06,
190055,0.42,0.14,
190073,-0.01,0.33,
190086,0.06,0.35,
190099,0.19,0.33,
190131,0.66,0.25,
190158,0.32,0.12,
190176,0.33,0.17,
190184,0.42,0.25,
190192,0.32,0.40,
190219,0.35,0.46,
190250,0.24,0.43,
190272,0.25,0.36,
190290,0.04,0.37,
190312,0.23,0.36,
190344,-0.10,0.26,
190376,-0.17,0.24,
190408,-0.20,0.16,
190420,0.14,0.08,
190441,0.02,-0.07,
190468,-0.29,-0.10,
190500,-0.14,-0.08,
190532,-0.10,-0.05,
190549,-0.60,-0.06,
190586,-0.24,-0.05,
190599,-0.09,-0.23,
190621,-0.01,-0.32,
190638,-0.42,-0.32,
190656,0.18,-0.25,
190693,0.05,-0.27,
190715,-0.40,-0.12,
190742,-0.29,-0.04,
190769,-0.22,-0.07,
190782,0.09,-0.13,
190795,0.28,-0.18,
190827,0.27,-0.31,
190844,-0.01,-0.19,
190881,0.04,0.08,
190903,-0.12,0.19,
190940,-0.00,0.23,
190967,0.45,0.11,
190989,0.41,-0.05,3.67
191031,0.00,-0.03,
191067,-0.00,0.16,
191104,0.23,0.25,
191122,-0.01,0.27,
191154,-0.03,0.23,
191176,0.06,0.09,
191194,0.09,0.03,
191221,-0.17,0.05,
191252,0.02,0.07,
191274,-0.22,-0.01,
191296,-0.35,0.02,
191333,-0.16,-0.01,4.45
191347,-0.48,-0.13,
191379,-0.55,-0.18,
191401,-0.10,-0.23,
191409,-0.29,-0.40,
191445,-0.15,-0.40,
191463,-0.39,-0.39,
191480,-0.06,-0.33,
191503,0.12,-0.27,
191525,-0.33,-0.24,
191533,0.16,-0.19,
191560,-0.23,-0.16,
191587,0.32,-0.08,
191604,-0.29,-0.07,
191641,0.22,-0.01,
191649,0.28,-0.06,
191657,0.10,0.01,
191670,0.41,0.04,
191702,0.13,0.12,
191725,0.17,0.17,
191742,-0.11,0.30,
191760,0.53,0.27,
191778,0.25,0.14,
191809,-0.01,0.17,
191836,0.35,0.19,
191868,0.13,0.20,
191895,0.15,0.25,
191903,0.03,0.27,
191921,0.30,0.17,
191953,-0.05,0.14,
191966,0.11,0.20,
191973,0.20,0.11,
192005,0.22,0.10,
192023,0.18,0.10,
192031,-0.08,0.14,
192068,-0.00,0.16,
192090,-0.03,0.20,
192098,-0.02,0.13,
192116,-0.28,0.04,
192148,-0.46,0.00,
192179,-0.47,-0.04,
192187,-0.49,-0.11,
192199,-0.24,-0.26,
192222,-0.45,-0.43,
192240,-0.45,-0.48,
192272,-0.07,-0.45,
192309,-0.19,-0.45,
192336,0.02,-0.38,
192348,0.02,-0.33,
192384,-0.13,-0.26,
192397,-0.15,-0.09,
192434,-0.13,-0.02,
192456,0.27,-0.05,
192473,-0.24,-0.11,
192505,-0.12,-0.06,
192527,0.39,-0.05,
192554,0.42,-0.08,
192585,0.55,-0.03,
192607,0.38,0.06,
192629,0.25,0.20,
192647,0.10,0.45,
192679,0.21,0.53,
192711,0.12,0.40,
192719,0.29,0.30,
192746,0.12,0.17,
192764,0.01,0.17,
192781,0.34,0.20,
192794,0.31,0.16,
192802,-0.08,0.15,
192815,-0.19,0.22,
192823,-0.18,0.21,
192831,-0.04,0.17,
192844,-0.05,0.04,
192852,-0.20,-0.12,2.73
192894,-0.04,-0.16,
192917,-0.13,-0.13,
192925,-0.32,-0.09,
192933,-0.43,-0.07,
192946,-0.12,-0.12,
192954,-0.05,-0.23,
192962,-0.09,-0.28,
192969,-0.18,-0.30,
192991,-0.25,-0.22,
193018,-0.47,-0.12,
193055,-0.22,-0.07,
193082,-0.15,-0.20,
193100,-0.35,-0.30,
193132,-0.18,-0.31,
193145,-0.09,-0.32,
193156,-0.39,-0.29,
193178,-0.04,-0.18,
193186,0.07,-0.24,
193194,-0.29,-0.25,
193207,-0.01,-0.14,
193235,0.23,-0.15,
193267,0.04,-0.15,
193304,0.24,-0.02,
193331,0.58,-0.02,
193339,0.57,0.02,
193356,0.51,0.20,
193373,0.14,0.33,
193391,0.04,0.48,
193423,0.27,0.57,
193450,0.30,0.44,
193458,0.34,0.26,
193480,0.15,0.17,
193512,-0.02,0.20,
193525,0.26,0.30,
193556,0.26,0.26,
193574,0.20,0.18,
193591,0.01,0.16,
193609,0.14,0.18,
193632,0.01,0.19,
193640,0.10,0.21,
193648,0.08,0.11,
193670,0.05,0.07,
193702,-0.32,0.06,
193739,-0.20,0.12,
193760,-0.30,0.04,
193783,-0.46,-0.04,
193820,-0.16,-0.15,
193828,-0.39,-0.30,
193865,-0.34,-0.34,
193887,-0.36,-0.32,
193895,-0.42,-0.35,
193908,-0.01,-0.34,
193940,-0.02,-0.38,
193953,-0.18,-0.39,
193989,0.08,-0.26,
194011,-0.09,-0.19,
194038,-0.09,-0.08,
194075,0.39,-0.01,
194102,0.14,-0.10,
194139,0.19,-0.02,
194151,0.14,0.09,
194173,0.60,0.14,
194181,0.52,0.18,
194189,0.05,0.25,
194205,0.48,0.34,
194237,0.30,0.38,
194259,0.13,0.42,
194267,0.44,0.43,
194280,0.34,0.27,
194312,-0.03,0.27,
194325,-0.12,0.38,
194343,-0.08,0.30,
194375,0.18,0.22,
194388,0.09,0.08,
194419,0.10,-0.05,2.67
194446,-0.19,-0.04,
194464,-0.41,0.08,
194491,-0.24,0.13,
194514,-0.17,0.01,
194527,-0.12,-0.17,
194564,-0.11,-0.27,
194577,-0.36,-0.30,
194609,-0.23,-0.20,
194630,-0.23,-0.16,
194638,-0.26,-0.19,
194646,-0.48,-0.23,
194659,-0.26,-0.25,
194681,-0.09,-0.31,
194708,-0.42,-0.33,
194716,-0.11,-0.31,
194753,0.06,-0.33,
194766,-0.15,-0.30,
194779,-0.13,-0.18,
194806,0.09,-0.14,
194837,0.03,-0.14,
194850,-0.21,-0.04,
194887,-0.01,-0.02,
194900,0.26,-0.06,
194922,0.16,-0.06,
194959,-0.05,-0.02,
194972,0.33,0.03,
194999,0.32,0.06,
195026,0.26,0.15,
195034,0.11,0.19,
195065,0.10,0.22,
195087,0.17,0.27,
195099,0.15,0.27,
195126,0.20,0.18,
195148,-0.07,0.13,
195165,-0.12,0.16,
195178,0.14,0.17,
195201,-0.36,0.08,
195214,-0.23,0.06,
195251,-0.30,-0.03,1.30
195273,-0.22,-0.12,
195300,-0.41,-0.18,
195318,-0.11,-0.23,
195346,-0.50,-0.35,
195364,-0.19,-0.26,
195396,-0.14,-0.32,
195433,-0.07,-0.33,
195460,0.10,-0.32,
195482,0.19,-0.26,
195519,-0.18,-0.20,
195527,0.15,0.02,
195549,-0.24,0.03,
195572,0.13,0.09,
195599,0.30,0.01,
195622,-0.02,-0.06,
195644,0.57,-0.00,
195671,-0.24,0.04,
195702,0.03,0.19,
195710,0.26,0.25,
195737,0.34,0.14,
195759,0.03,0.07,
195772,0.04,0.15,
195804,-0.12,0.11,
195836,0.05,0.25,
195844,-0.07,0.14,
195862,-0.21,0.03,
195875,0.09,-0.03,3.36
195897,0.15,-0.08,
195909,-0.31,-0.10,
195946,-0.20,0.00,
195959,-0.22,-0.03,
195996,-0.34,-0.04,
196018,-0.25,-0.09,
196055,-0.30,-0.24,
196082,-0.11,-0.31,
196095,-0.21,-0.30,
196131,0.06,-0.29,
196143,0.24,-0.28,
196170,0.14,-0.21,
196178,0.27,-0.09,
196186,0.29,0.03,
196194,0.32,0.13,
196221,-0.21,0.24,
196258,0.04,0.32,
196271,-0.14,0.25,
196298,-0.34,0.19,
196324,0.07,0.07,
196332,0.29,-0.12,4.03
196350,-0.21,-0.21,
196372,0.18,-0.05,
196390,0.04,-0.06,
196398,-0.24,0.04,
196435,0.07,0.14,
196462,-0.04,0.01,
196494,-0.04,-0.05,
196515,0.16,-0.01,
196538,0.18,-0.09,
196570,0.15,-0.04,
196592,0.03,0.07,
196624,-0.10,0.10,
196642,0.24,0.17,
196660,0.08,0.11,
196687,-0.16,0.06,
196723,0.20,0.08,
196755,0.18,0.03,
196778,0.16,0.04,
196791,0.00,0.08,
196823,-0.23,0.09,
196841,-0.28,0.16,
196849,-0.22,0.15,
196886,-0.31,-0.02,5.17
196909,-0.13,-0.15,
196935,-0.50,-0.28,
196953,-0.53,-0.26,
196981,0.06,-0.26,
197018,-0.25,-0.37,
197050,0.12,-0.36,
197087,0.37,-0.35,
197100,-0.02,-0.29,
197131,0.38,-0.02,
197153,-0.14,0.10,
197180,0.31,0.18,
197188,0.24,0.21,
197201,-0.05,0.15,
197209,-0.05,0.16,
197217,0.04,0.19,
197225,0.10,0.10,
197243,0.59,0.09,
197256,0.38,-0.06,
197273,0.15,0.04,
197296,0.13,0.25,
197317,0.08,0.36,
197339,0.38,0.38,
197347,0.37,0.27,
197369,0.10,0.14,
197391,0.04,0.21,
197423,0.16,0.28,
197445,-0.25,0.26,
197457,-0.21,0.26,
197480,-0.39,0.10,
197497,-0.13,-0.02,5.03
197519,-0.35,-0.15,
197536,-0.17,-0.23,
197573,-0.61,-0.32,
197610,-0.36,-0.24,
197627,-0.52,-0.30,
197640,-0.42,-0.33,
197653,-0.51,-0.44,
197661,-0.19,-0.47,
197669,-0.32,-0.54,
197677,-0.01,-0.45,
197690,0.01,-0.45,
197706,-0.42,-0.33,
197733,-0.36,-0.17,
197765,0.00,-0.10,
197778,-0.24,-0.20,
197815,0.24,-0.20,
197833,-0.14,-0.30,
197865,0.25,-0.20,
197887,-0.06,-0.08,
197909,0.20,0.04,
197931,0.53,0.03,
197953,0.49,0.06,
197980,0.23,0.10,
198002,0.49,0.31,
198024,0.12,0.35,
198046,0.40,0.49,
198068,0.12,0.42,
198091,0.03,0.35,
198122,0.06,0.31,
198145,-0.18,0.26,
198163,0.04,0.17,
198185,-0.01,0.09,
198203,-0.00,-0.03,
198216,-0.17,-0.04,
198243,-0.18,-0.02,
198275,-0.26,-0.03,
198311,-0.27,-0.03,
198329,0.08,-0.13,
198351,-0.08,-0.24,
198379,-0.53,-0.23,
198397,-0.00,-0.12,
198429,-0.46,-0.17,
198442,-0.21,-0.13,
198455,-0.18,-0.21,
198468,-0.50,-0.33,
198504,0.21,-0.28,
198526,0.29,-0.31,
198549,0.31,-0.34,
198566,0.20,-0.15,
198584,0.16,0.03,
198592,0.18,0.21,
198624,0.43,0.34,
198646,0.59,0.22,
198663,0.08,0.19,
198685,0.48,0.31,
198712,0.06,0.35,
198734,0.36,0.43,
198756,0.49,0.37,
198774,0.27,0.27,
198806,0.39,0.27,
198819,0.06,0.35,
198831,0.28,0.37,
198853,0.12,0.39,
198866,-0.03,0.31,
198888,0.11,0.24,
198906,0.08,0.17,
198929,-0.25,0.10,
198947,-0.05,0.13,
198984,0.05,0.02,
198996,-0.02,-0.04,4.44
199009,-0.56,-0.05,
199036,-0.73,-0.02,
199072,-0.20,-0.06,
199099,-0.25,-0.23,
199131,-0.12,-0.41,
199159,-0.41,-0.51,
199186,-0.34,-0.43,
199199,-0.49,-0.27,
199217,-0.29,-0.20,
199248,0.29,-0.34,
199261,0.21,-0.45,
199274,-0.04,-0.39,
199291,0.33,-0.15,
199313,-0.21,-0.01,
199330,0.48,0.22,
199347,0.16,0.15,
199370,0.12,0.10,
199392,0.25,0.15,
199414,0.49,0.20,
199440,0.18,0.16,
199458,0.15,0.30,
199485,0.43,0.26,
199507,0.26,0.28,
199534,0.18,0.32,
199556,0.29,0.31,
199578,0.17,0.25,
199595,0.28,0.30,
199617,0.20,0.28,
199634,-0.07,0.23,
199646,-0.10,0.27,
199659,-0.32,0.23,
199696,-0.11,0.15,
199718,-0.26,0.00,
199755,-0.21,-0.13,
199768,-0.52,-0.22,
199800,-0.35,-0.20,
199812,-0.35,-0.26,
199830,-0.78,-0.31,
199866,-0.08,-0.35,
199888,-0.60,-0.49,
199925,-0.13,-0.47,
199948,-0.03,-0.48,
199971,-0.00,-0.48,
200008,0.20,-0.36,
200026,0.04,-0.20,
200062,-0.01,-0.11,
200090,0.33,0.09,
200112,0.09,0.06,
200134,0.52,0.11,
200142,0.59,0.10,
200164,0.03,0.14,
200186,-0.02,0.36,
200199,0.23,0.44,
200207,0.32,0.33,
200215,0.40,0.26,
200237,0.13,0.12,
200259,0.26,0.16,
200275,0.41,0.28,
200297,0.14,0.31,
200319,0.19,0.32,
200332,0.01,0.29,
200364,0.12,0.27,
200386,-0.16,0.25,
200399,-0.05,0.18,
200436,-0.44,0.06,
200459,-0.53,0.05,
200495,-0.28,-0.06,3.27
200528,-0.64,-0.22,
200556,-0.44,-0.34,
200579,-0.74,-0.44,
200606,-0.08,-0.50,
200633,-0.40,-0.58,
200655,-0.15,-0.53,
200668,-0.38,-0.53,
200700,0.01,-0.37,
200712,-0.27,-0.34,
200749,0.47,-0.20,
200781,0.19,-0.31,
200813,0.27,-0.13,
200849,0.63,0.01,
200871,0.30,0.15,
200889,0.51,0.30,
200906,0.32,0.43,
200928,0.18,0.42,
200951,0.18,0.50,
200978,0.08,0.44,
201000,0.04,0.33,
201018,0.30,0.27,
201049,0.12,0.12,
201076,0.16,0.12,
201088,0.09,0.14,
201120,0.18,0.16,
201138,0.07,0.17,
201170,-0.25,0.18,
201193,-0.45,0.16,
201201,-0.53,0.13,
201209,-0.56,-0.01,
201232,-0.28,-0.20,
201268,-0.62,-0.44,
201305,-0.12,-0.51,
201323,-0.53,-0.56,
201341,-0.51,-0.45,
201354,-0.43,-0.40,
201367,-0.21,-0.40,
201395,-0.29,-0.48,
201423,0.28,-0.43,
201444,-0.10,-0.51,
201481,0.49,-0.28,
201508,-0.03,-0.17,
201535,-0.06,0.06,
201558,0.55,0.17,
201576,0.62,0.14,
201598,0.21,0.10,
201620,0.01,0.28,
201633,0.47,0.34,
201659,0.42,0.39,
201681,0.34,0.38,
201703,0.18,0.28,
201725,0.20,0.30,
201748,-0.02,0.37,
201761,-0.18,0.40,
201779,-0.11,0.26,
201811,0.13,0.12,
201834,-0.12,-0.03,1.41
201865,0.11,-0.06,
201888,-0.20,-0.10,
201916,-0.15,-0.01,
201948,-0.46,0.02,
201976,-0.42,-0.00,
202003,-0.23,-0.14,
202025,-0.46,-0.26,
202062,-0.38,-0.36,
202088,-0.41,-0.39,
202125,-0.06,-0.41,
202157,-0.13,-0.41,
202194,-0.36,-0.38,
202211,-0.30,-0.31,
202234,0.43,-0.22,
202257,-0.12,-0.28,
202293,0.65,-0.15,
202316,0.40,-0.18,
202334,0.66,0.03,
202361,0.14,0.26,
202384,0.54,0.48,
202411,0.44,0.44,
202434,0.44,0.54,
202451,0.13,0.43,
202478,0.11,0.47,
202500,0.21,0.41,
202521,-0.06,0.39,
202543,0.10,0.27,
202565,-0.22,0.15,
202602,-0.35,0.10,
202625,-0.20,0.08,
202648,-0.05,-0.06,1.62
202681,-0.47,-0.20,
202698,-0.67,-0.19,
202724,-0.10,-0.24,
202756,-0.48,-0.34,
202778,-0.24,-0.34,
202805,-0.07,-0.44,
202832,-0.26,-0.47,
202850,-0.47,-0.32,
202868,-0.12,-0.20,
202894,-0.07,-0.29,
202931,0.23,-0.25,
202963,0.37,-0.30,
203000,0.32,-0.24,
203037,0.77,-0.02,
203064,0.71,0.16,
203091,0.65,0.33,
203113,0.39,0.53,
203140,0.45,0.66,
203162,0.36,0.70,
203189,0.13,0.67,
203202,0.32,0.54,
203225,0.20,0.40,
203247,0.19,0.32,
203265,-0.14,0.29,
203301,-0.14,0.27,
203314,-0.24,0.20,
203351,-0.45,0.13,
203383,-0.53,-0.02,
203420,-0.31,-0.16,
203462,-0.19,-0.34,
203479,-0.60,-0.42,
203497,-0.47,-0.41,
203534,-0.16,-0.41,
203552,-0.24,-0.43,
203565,-0.15,-0.40,
203602,-0.48,-0.41,
203625,-0.13,-0.32,
203656,0.33,-0.25,
203684,-0.13,-0.30,
203721,-0.13,-0.21,
203729,0.27,-0.10,
203747,-0.25,-0.07,
203774,0.69,0.10,
203797,0.50,-0.04,1.66
203830,0.32,-0.02,
203866,0.18,0.23,
203888,0.32,0.39,
203911,0.28,0.41,
203933,-0.07,0.46,
203960,0.31,0.32,
203987,-0.22,0.21,
204000,0.14,0.24,
204021,-0.36,0.14,
204049,-0.17,0.09,
204091,-0.60,-0.01,
204118,-0.38,-0.03,
204155,-0.22,-0.24,
204182,-0.45,-0.33,
204204,-0.37,-0.42,
204220,0.13,-0.40,
204247,-0.00,-0.46,
204274,-0.38,-0.32,
204287,-0.14,-0.19,
204300,-0.16,-0.16,
204327,-0.12,-0.10,
204364,0.11,-0.13,
204406,-0.19,-0.25,
204432,0.09,-0.16,
204474,0.08,-0.08,
204497,0.14,-0.06,
204534,0.33,-0.01,
204561,0.19,0.01,
204597,0.05,0.09,
204619,0.20,0.22,
204661,-0.02,0.21,
204684,0.04,0.22,
204706,0.17,0.17,
204743,-0.07,0.07,
204761,-0.16,0.09,
204797,-0.48,0.09,
204820,-0.32,0.05,
204852,-0.19,-0.05,1.69
204890,-0.77,-0.22,
204927,-0.07,-0.29,
204949,-0.09,-0.43,
204980,0.24,-0.45,
205003,0.26,-0.39,
205025,-0.34,-0.27,
205052,-0.36,-0.01,
205070,0.19,0.18,
205092,0.27,-0.01,
205129,-0.07,-0.10,
205165,0.54,-0.11,
205188,0.58,-0.10,
205201,0.61,0.12,
205218,0.07,0.30,
205241,0.13,0.44,
205283,0.45,0.50,
205305,0.43,0.47,
205328,0.26,0.31,
205365,-0.08,0.28,
205377,-0.04,0.32,
205390,0.25,0.37,
205412,0.09,0.23,
205425,0.03,0.09,
205448,-0.03,0.05,
205490,-0.15,0.07,
205522,-0.27,0.12,
205549,-0.66,0.08,
205566,-0.64,-0.03,2.56
205598,-0.52,-0.17,
205635,-0.39,-0.38,
205648,-0.11,-0.55,
205671,0.16,-0.65,
205708,0.02,-0.60,
205736,0.14,-0.34,
205777,0.29,-0.14,
205804,0.03,0.01,
205827,0.38,0.15,
205855,-0.21,0.14,
205887,0.59,0.22,
205915,0.73,0.15,
205956,-0.21,0.13,
205984,0.25,0.32,
206026,0.19,0.36,
206049,0.29,0.32,
206091,-0.00,0.33,
206137,-0.01,0.19,
206179,-0.25,0.13,
206202,-0.26,0.24,
206239,-0.21,0.08,
206267,-0.42,-0.07,
206289,0.08,-0.18,
206326,-0.63,-0.29,
206358,-0.18,-0.24,
206400,0.21,-0.27,
206423,-0.05,-0.34,
206469,-0.16,-0.26,
206492,0.20,-0.14,
206519,0.36,-0.15,
206551,0.11,0.02,
206579,-0.10,0.08,
206606,0.09,0.13,
206648,0.21,0.17,
206674,0.54,0.16,
206697,0.53,0.04,
206734,0.44,0.07,
206766,0.19,0.26,
206794,0.15,0.47,
206821,0.21,0.52,
206857,-0.23,0.44,
206884,-0.36,0.33,
206916,-0.01,0.20,
206948,-0.28,-0.01,2.42
207000,0.21,-0.09,
207022,-0.65,-0.24,
207045,-0.18,-0.16,
207073,-0.24,-0.15,
207110,0.06,-0.17,
207133,0.03,-0.29,
207156,0.01,-0.26,
207189,-0.19,-0.24,
207211,0.05,0.00,
207234,0.35,-0.02,
207281,0.27,-0.04,
207323,0.13,-0.03,
207346,-0.05,0.09,
207377,0.30,0.21,
207419,0.24,0.23,
207461,0.42,0.18,
207489,0.04,0.11,
207512,0.15,0.21,
207544,-0.28,0.27,
207585,-0.16,0.33,
207612,-0.23,0.17,
207654,-0.62,0.03,
207682,-0.18,-0.10,2.86
207720,-0.50,-0.26,
207747,-0.28,-0.34,
207770,-0.75,-0.38,
207797,-0.08,-0.38,
207844,-0.45,-0.48,
207867,-0.15,-0.41,
207914,0.40,-0.48,
207945,-0.34,-0.45,
207987,0.37,-0.23,
208010,0.05,-0.10,
208042,0.06,-0.02,
208065,0.71,0.13,
208107,0.71,0.06,
208129,0.41,0.09,
208171,0.20,0.39,
208194,0.34,0.49,
208236,0.21,0.58,
208278,0.08,0.55,
208300,-0.00,0.36,
208323,-0.07,0.25,
208351,-0.50,0.20,
208379,-0.23,0.16,
208421,-0.43,-0.04,
208454,-0.49,-0.17,
208495,-0.42,-0.28,
208542,-0.18,-0.39,
208574,0.21,-0.47,
208621,-0.30,-0.46,
208644,-0.26,-0.34,
208690,0.09,-0.19,
208713,0.51,-0.14,
208760,-0.01,-0.14,
208807,-0.07,-0.03,
208853,0.44,0.04,
208885,0.42,0.13,
208912,0.43,0.19,
208954,0.18,0.19,
208977,0.09,0.25,
208999,0.03,0.41,
209027,-0.09,0.41,
209074,0.01,0.26,
209116,-0.25,0.11,
209163,0.13,0.02,
209194,-0.65,-0.07,1.71
209251,-0.13,-0.02,
209284,-0.51,-0.14,
209331,0.27,-0.18,
209377,-0.42,-0.36,
209419,0.65,-0.27,
209442,0.36,-0.37,
209489,0.10,-0.09,
209521,0.22,0.10,
209562,0.07,0.28,
209604,0.19,0.29,
209636,0.28,0.34,
209678,0.20,0.13,
209719,0.10,0.14,
209747,-0.25,0.21,
209779,-0.20,0.24,
209826,-0.65,0.19,
209849,-0.67,0.08,
209877,-0.18,-0.14,
209909,-0.14,-0.42,
209946,-0.25,-0.54,
209974,-0.35,-0.49,
209997,-0.25,-0.39,
210030,0.19,-0.25,
210076,-0.25,-0.25,
210118,0.36,-0.22,
210150,0.33,-0.23,
210173,0.36,-0.09,
210220,0.53,0.08,
210262,-0.12,0.20,
210303,0.20,0.36,
210335,0.12,0.42,
210377,-0.03,0.30,
210405,0.15,0.22,
210428,0.07,0.10,
210450,0.05,0.04,
210463,0.14,0.11,
210505,-0.38,0.06,
210533,-0.49,0.12,
210580,-0.26,0.10,
210626,-0.72,-0.09,1.78
210678,-0.65,-0.20,
210725,-0.40,-0.39,
210772,0.17,-0.57,
210799,0.37,-0.63,
210822,-0.31,-0.57,
210854,-0.51,-0.29,
210901,0.73,0.01,
210924,0.23,-0.06,
210966,0.14,-0.00,
211012,0.41,0.01,
211044,0.18,0.06,
211086,0.13,0.32,
211109,0.36,0.41,
211151,0.09,0.19,
211182,-0.00,0.27,
211219,-0.34,0.27,
211247,-0.26,0.21,
211284,-0.59,0.12,
211307,-0.43,-0.01,2.40
211354,-0.34,-0.26,
211376,-0.64,-0.41,
211408,0.02,-0.45,
211440,-0.41,-0.53,
211467,-0.15,-0.46,
211499,0.34,-0.38,
211541,0.51,-0.37,
211557,0.10,-0.25,
211575,0.05,0.04,
211617,0.36,0.17,
211640,0.32,0.29,
211672,0.70,0.29,
211690,0.80,0.18,
211726,0.37,0.23,
211749,0.14,0.50,
211786,0.26,0.67,
211809,0.33,0.61,
211841,0.01,0.50,
211873,0.17,0.35,
211909,-0.23,0.20,
211941,-0.49,0.23,
211983,-0.35,0.19,
212025,-0.38,-0.01,
212072,-0.10,-0.21,
212113,-0.25,-0.36,
212126,-0.22,-0.42,
212153,0.17,-0.34,
212195,-0.62,-0.28,
212227,-0.40,-0.13,
212269,0.10,-0.13,
212295,0.43,-0.28,
212337,-0.27,-0.32,
212365,0.52,-0.17,
212407,0.82,-0.16,
212439,0.54,0.08,
212476,0.14,0.30,
212517,0.54,0.46,
212525,0.48,0.49,
212543,0.12,0.61,
212561,0.17,0.51,
212603,0.02,0.38,
212621,-0.21,0.36,
212639,-0.10,0.33,
212680,-0.26,0.11,
212688,-0.46,-0.02,2.42
212706,-0.43,-0.07,
212723,-0.29,-0.21,
212741,-0.53,-0.32,
212754,-0.48,-0.35,
212796,-0.33,-0.43,
212809,-0.72,-0.47,
212846,-0.51,-0.42,
212877,-0.42,-0.48,
212904,-0.31,-0.56,
212936,0.15,-0.56,
212978,0.57,-0.58,
213006,0.54,-0.51,
213024,0.38,-0.18,
213051,-0.05,0.14,
213092,-0.16,0.45,
213124,0.32,0.53,
213166,0.27,0.31,
213184,0.36,0.11,
213226,0.37,0.04,
213243,0.26,0.11,
213285,0.09,0.30,
213302,0.01,0.41,
213310,0.21,0.34,
213337,0.08,0.24,
213364,-0.33,0.16,
213406,-0.15,0.14,
213427,-0.14,0.06,
213440,-0.18,-0.02,
213468,-0.11,-0.10,
213495,-0.31,-0.21,
213532,0.03,-0.19,
213560,-0.32,-0.18,
213596,-0.05,-0.16,
213614,-0.23,-0.19,
213637,-0.08,-0.16,
213669,-0.55,-0.18,
213706,-0.10,-0.11,
213723,0.77,-0.23,
213741,0.02,-0.32,
213759,0.07,-0.17,
213795,0.45,0.03,
213803,0.40,0.13,
213825,0.18,0.32,
213857,0.27,0.33,
213899,0.32,0.23,
213926,-0.23,0.34,
213967,0.16,0.39,
213985,0.01,0.22,
214007,-0.42,0.14,
214034,-0.25,0.13,
214052,-0.30,-0.02,2.35
214075,-0.14,-0.14,
214097,-0.05,-0.20,
214114,0.10,-0.33,
214151,-0.58,-0.30,
214178,-0.59,-0.09,
214191,-0.51,-0.08,
214218,0.31,-0.18,
214236,0.29,-0.44,
214244,0.08,-0.49,
214280,-0.29,-0.33,
214303,0.37,0.03,
214345,-0.27,0.12,
214353,0.13,0.20,
214366,0.40,0.00,
214398,-0.19,-0.07,
214429,0.76,0.08,
214461,0.69,0.06,
214488,0.47,0.09,
214520,-0.13,0.37,
214537,0.38,0.54,
214550,0.42,0.49,
214582,0.14,0.48,
214603,-0.24,0.29,
214616,-0.30,0.27,
214653,-0.06,0.23,
214671,-0.24,0.14,
214683,-0.62,-0.08,2.66
214730,-0.50,-0.18,
214753,-0.57,-0.27,
214780,-0.66,-0.33,
214797,-0.12,-0.43,
214834,-0.05,-0.64,
214856,-0.17,-0.63,
214893,-0.17,-0.45,
214920,-0.42,-0.30,
214947,0.58,-0.14,
214964,0.26,-0.20,
214987,0.08,-0.17,
215009,0.35,-0.02,
215027,-0.42,0.12,
215044,0.06,0.33,
215071,-0.02,0.28,
215089,0.14,0.03,
215112,0.19,-0.05,
215134,0.62,-0.06,
215152,-0.04,-0.08,
215164,0.32,0.23,
215181,0.60,0.25,
215189,0.52,0.27,
215197,0.39,0.32,
215215,0.27,0.39,
215233,0.20,0.42,
215255,0.02,0.54,
215272,0.17,0.46,
215290,0.18,0.28,
215303,-0.04,0.17,
215321,-0.22,0.15,
215343,-0.13,0.14,
215351,-0.09,0.07,
215378,-0.17,-0.01,3.87
215400,-0.38,-0.11,
215423,-0.31,-0.15,
215460,-0.27,-0.17,
215468,-0.59,-0.22,
215491,-0.25,-0.26,
215523,-0.32,-0.38,
215545,-0.23,-0.41,
215572,-0.53,-0.39,
215604,-0.29,-0.35,
215641,-0.00,-0.36,
215659,0.30,-0.36,
215667,0.36,-0.39,
215704,0.43,-0.26,
215730,0.56,-0.05,
215752,-0.29,0.22,
215760,0.18,0.47,
215787,0.71,0.41,
215805,0.58,0.23,
215837,0.76,0.20,
215850,0.64,0.24,
215868,0.32,0.42,
215876,0.48,0.75,
215898,0.44,0.72,
215920,0.47,0.60,
215932,0.59,0.53,
215964,0.38,0.43,
215991,-0.03,0.47,
216023,-0.25,0.57,
216041,-0.08,0.50,
216064,-0.30,0.31,
216087,-0.39,0.10,
216113,-0.34,-0.12,
216121,-0.30,-0.25,
216158,-0.43,-0.30,
216181,-0.30,-0.32,
216189,-0.00,-0.39,
216207,-0.44,-0.41,
216244,-0.32,-0.30,
216271,0.06,-0.28,
216293,0.17,-0.31,
216315,-0.77,-0.26,
216338,0.02,-0.10,
216346,-0.25,-0.20,
216369,0.04,-0.13,
216406,-0.01,-0.21,
216429,0.09,-0.27,
216456,-0.06,-0.22,
216483,0.24,0.02,
216491,0.45,-0.03,4.03
216522,0.14,0.03,
216554,0.59,0.12,
216581,-0.01,0.17,
216608,0.36,0.34,
216626,0.03,0.36,
216644,0.20,0.34,
216676,0.29,0.25,
216697,0.32,0.21,
216720,0.04,0.13,
216743,-0.20,0.26,
216775,-0.34,0.25,
216812,-0.23,0.24,
216839,-0.22,0.06,
216861,-0.27,-0.14,
216874,-0.39,-0.27,
216896,-0.27,-0.28,
216923,-0.35,-0.29,
216941,-0.25,-0.28,
216954,-0.74,-0.33,
216962,-0.56,-0.30,
216970,-0.47,-0.36,
216978,0.07,-0.45,
216986,-0.11,-0.60,
216994,-0.27,-0.54,
217002,0.07,-0.39,
217010,0.06,-0.21,
217018,0.03,-0.11,
217026,-0.18,-0.05,
217048,-0.09,-0.04,
217070,-0.14,-0.00,
217088,-0.22,0.01,
217106,-0.37,-0.07,2.94
217118,0.46,-0.12,
217126,0.41,-0.26,
217134,0.31,-0.20,
217142,0.43,-0.05,
217150,-0.33,0.15,
217163,-0.24,0.42,
217176,0.43,0.44,
217184,0.38,0.10,
217192,0.07,-0.02,
217224,0.13,0.02,
217246,0.60,0.09,
217259,0.51,0.23,
217272,0.17,0.30,
217295,0.39,0.32,
217308,0.78,0.36,
217329,0.22,0.40,
217361,0.23,0.50,
217384,0.28,0.45,
217392,0.01,0.44,
217419,-0.09,0.46,
217442,-0.21,0.32,
217479,-0.15,0.14,
217511,-0.27,0.06,
217537,-0.26,-0.06,3.00
217565,-0.29,-0.18,
217597,-0.30,-0.22,
217624,-0.78,-0.25,
217632,-0.36,-0.23,
217640,-0.36,-0.37,
217677,0.05,-0.45,
217700,-0.72,-0.54,
217708,-0.68,-0.41,
217725,-0.50,-0.35,
217747,-0.14,-0.34,
217779,0.24,-0.51,
217811,0.13,-0.60,
217828,0.55,-0.52,
217865,0.34,-0.21,
217888,0.00,0.11,
217919,0.39,0.35,
217942,0.84,0.35,
217974,0.41,0.26,
217996,0.48,0.37,
218019,0.37,0.40,
218051,0.53,0.53,
218074,0.17,0.60,
218097,0.13,0.56,
218123,0.18,0.43,
218146,-0.14,0.38,
218183,-0.12,0.31,
218201,-0.03,0.19,
218224,-0.21,0.03,
218261,-0.54,-0.01,
218288,-0.70,-0.05,
218324,0.27,-0.15,
218342,-0.48,-0.37,
218379,-0.70,-0.37,
218387,-0.79,-0.36,
218410,-0.69,-0.35,
218428,-0.68,-0.40,
218446,-0.68,-0.54,
218454,-0.50,-0.81,
218462,-0.16,-0.79,
218499,0.10,-0.76,
218521,0.45,-0.66,
218558,-0.07,-0.50,
218576,0.01,-0.15,
218598,0.88,0.09,
218630,-0.04,0.10,
218648,0.71,0.27,
218680,-0.06,0.23,
218702,0.43,0.35,
218733,-0.11,0.41,
218765,-0.21,0.42,
218802,-0.13,0.24,
218825,-0.06,0.19,
218857,-0.03,-0.05,2.91
218889,-0.02,-0.08,
218907,-0.01,-0.18,
218943,-0.01,-0.09,
218951,-0.00,-0.03,
218988,-0.02,-0.01,
219006,-0.02,-0.01,
219029,0.00,-0.01,
219066,-0.01,-0.01,